provider_id,Total_Generated_Spend,Claim_Count,FWA_Flagged_Claims,Avg_Cost_Per_Claim
PR0238,48048.04,114,20,421.4740350877193
PR0078,109796.91,97,19,1131.9269072164948
PR0251,40103.479999999996,109,17,367.9218348623853
PR0219,35917.08,99,16,362.7987878787879
PR0407,41141.42,108,16,380.9390740740741
PR0474,93363.08,99,15,943.0614141414142
PR0301,38219.68,113,15,338.2272566371681
PR0243,38604.43,105,15,367.6612380952381
PR0497,37116.94,107,15,346.8872897196262
PR0443,56351.04,95,15,593.1688421052631
PR0235,61532.43,118,15,521.4612711864406
PR0265,58135.72,106,15,548.4501886792453
PR0021,40393.38,119,14,339.44016806722686
PR0442,31516.96,93,14,338.8920430107527
PR0316,63709.94,119,14,535.3776470588235
PR0382,76272.68000000001,101,14,755.1750495049506
PR0448,38005.6,83,14,457.89879518072286
PR0032,30764.44,98,13,313.92285714285714
PR0113,34188.92,103,13,331.93126213592234
PR0099,40643.73,115,13,353.4237391304348
PR0302,37036.07,104,13,356.11605769230766
PR0337,40667.83,105,13,387.3126666666667
PR0396,63476.97,103,13,616.2812621359224
PR0455,41391.9,94,13,440.3393617021277
PR0133,67725.73,130,13,520.9671538461538
PR0268,33864.58,99,13,342.0664646464647
PR0193,53196.8,99,13,537.3414141414141
PR0420,35612.2,103,13,345.74951456310674
PR0057,38360.72,107,13,358.5114018691589
PR0478,51508.95,92,13,559.8798913043478
PR0114,37989.53,117,13,324.6968376068376
PR0101,39503.06,109,12,362.41339449541283
PR0392,35901.08,99,12,362.6371717171717
PR0064,41572.71,109,12,381.4010091743119
PR0435,36826.8,104,12,354.1038461538462
PR0060,81537.17,101,12,807.2987128712871
PR0483,57474.97,101,12,569.0591089108912
PR0377,38177.67,121,12,315.5179338842975
PR0444,36623.22,104,12,352.14634615384614
PR0425,112507.69,111,12,1013.5827927927928
PR0319,36264.69,103,12,352.08436893203884
PR0430,37014.91,92,12,402.3359782608696
PR0433,30981.88,89,12,348.11101123595506
PR0012,32031.25,84,12,381.32440476190476
PR0447,90038.11,107,12,841.4776635514019
PR0159,38574.77,121,12,318.7997520661157
PR0175,30877.530000000002,92,12,335.62532608695653
PR0024,40354.89,113,12,357.1229203539823
PR0372,61564.73,109,12,564.8140366972477
PR0165,32875.31,107,12,307.2458878504673
PR0150,49903.409999999996,96,12,519.8271874999999
PR0472,64079.24,116,11,552.4072413793103
PR0289,26461.62,85,11,311.31317647058825
PR0105,39524.4,109,11,362.6091743119266
PR0108,30396.2,95,11,319.96
PR0295,37559.49,132,11,284.54159090909087
PR0090,57924.350000000006,116,11,499.34784482758624
PR0220,31741.68,103,11,308.1716504854369
PR0222,105801.02,107,11,988.7945794392524
PR0434,48685.83,90,11,540.9536666666667
PR0432,64151.02,100,11,641.5101999999999
PR0072,29899.27,102,11,293.1300980392157
PR0413,35683.87,106,11,336.64028301886793
PR0492,72005.84999999999,107,11,672.9518691588784
PR0451,31005.4,104,11,298.12884615384615
PR0436,32348.73,107,11,302.3245794392523
PR0017,33612.28,95,11,353.8134736842105
PR0102,37702.87,93,11,405.4072043010753
PR0489,73827.93000000001,117,11,631.0079487179488
PR0082,36393.93,120,11,303.28275
PR0262,33380.31,95,11,351.37168421052627
PR0130,31597.93,103,11,306.7760194174757
PR0287,34195.69,106,11,322.6008490566038
PR0192,35175.68,98,11,358.93551020408165
PR0140,29146.35,106,11,274.9655660377358
PR0170,59116.51,105,11,563.014380952381
PR0119,48097.53,110,11,437.2502727272727
PR0104,33518.79,94,11,356.5828723404255
PR0183,35531.66,102,11,348.3496078431373
PR0180,37465.42,110,11,340.59472727272725
PR0187,76684.18,102,11,751.8056862745098
PR0391,31971.18,104,11,307.41519230769234
PR0397,33730.93,105,11,321.2469523809524
PR0043,33275.05,97,11,343.04175257731964
PR0371,33664.42,121,11,278.218347107438
PR0333,72497.08,100,11,724.9708
PR0030,75765.52,106,10,714.7690566037736
PR0028,62339.090000000004,119,10,523.8578991596639
PR0014,31587.86,110,10,287.16236363636364
PR0496,32627.59,101,10,323.04544554455447
PR0487,32032.8,100,10,320.328
PR0036,33307.27,110,10,302.7933636363636
PR0226,29843.17,109,10,273.7905504587156
PR0003,30327.15,93,10,326.0983870967742
PR0241,28251.47,103,10,274.28611650485436
PR0247,29249.84,91,10,321.4268131868132
PR0237,35377.51,113,10,313.07530973451327
PR0232,35264.409999999996,104,10,339.0808653846153
PR0229,29217.86,97,10,301.21505154639175
PR0199,31663.45,104,10,304.45625
PR0417,32814.76,110,10,298.31600000000003
PR0416,31714.22,100,10,317.1422
PR0411,31581.23,85,10,371.5438823529412
PR0303,34872.69,105,10,332.1208571428572
PR0092,35948.76,119,10,302.0904201680672
PR0440,62690.64,98,10,639.7004081632653
PR0211,30537.95,100,10,305.3795
PR0089,30337.05,85,10,356.90647058823527
PR0224,35870.06,106,10,338.39679245283014
PR0166,34178.56,105,10,325.51009523809523
PR0328,30424.4,95,10,320.25684210526316
PR0306,29402.55,91,10,323.10494505494506
PR0394,72951.56000000001,98,10,744.4036734693879
PR0181,30324.31,103,10,294.41077669902916
PR0178,28303.16,100,10,283.0316
PR0340,54546.53,88,10,619.8469318181818
PR0342,30309.29,96,10,315.7217708333333
PR0370,77662.86,91,10,853.438021978022
PR0143,28677.69,104,10,275.74701923076924
PR0355,31316.74,98,10,319.55857142857144
PR0356,29918.76,112,10,267.1317857142857
PR0160,38823.4,99,10,392.15555555555557
PR0174,53390.3,101,10,528.6168316831684
PR0477,56264.54,112,10,502.3619642857143
PR0454,27804.33,96,10,289.6284375
PR0019,38958.2,107,10,364.0953271028037
PR0464,61323.66,110,10,557.4878181818182
PR0285,33987.51,112,10,303.45991071428574
PR0277,30431.63,118,10,257.89516949152545
PR0284,29970.89,99,10,302.7362626262626
PR0278,31268.95,102,10,306.55833333333334
PR0022,28677.86,96,9,298.72770833333334
PR0144,29557.02,110,9,268.7001818181818
PR0458,30446.19,105,9,289.9637142857143
PR0258,32326.42,80,9,404.08025
PR0002,31920.82,100,9,319.2082
PR0253,45881.630000000005,81,9,566.43987654321
PR0227,31898.24,88,9,362.48
PR0228,29993.149999999998,95,9,315.7173684210526
PR0177,29060.52,105,9,276.76685714285713
PR0148,59120.96,96,9,615.8433333333334
PR0120,27486.51,112,9,245.41526785714285
PR0358,25354.34,87,9,291.42919540229883
PR0368,31199.78,97,9,321.64721649484534
PR0357,26273.51,87,9,301.99436781609194
PR0141,32170.91,103,9,312.33893203883497
PR0136,76909.03,109,9,705.5874311926606
PR0362,31372.149999999998,100,9,313.7215
PR0128,27787.02,98,9,283.54102040816326
PR0154,31745.47,114,9,278.4690350877193
PR0359,56942.19,113,9,503.91318584070797
PR0103,29389.69,95,9,309.36515789473685
PR0375,30197.1,101,9,298.9811881188119
PR0116,29820.55,103,9,289.5199029126214
PR0172,35601.46,112,9,317.87017857142854
PR0400,32471.64,100,9,324.7164
PR0206,27119.21,77,9,352.1975324675325
PR0326,33666.2,110,9,306.0563636363636
PR0325,26808.24,100,9,268.0824
PR0353,33367.7,99,9,337.0474747474747
PR0347,29024.31,90,9,322.49233333333336
PR0338,29577.08,106,9,279.0290566037736
PR0385,30568.8,99,9,308.77575757575755
PR0320,29335.81,103,9,284.81368932038833
PR0315,104671.0,89,9,1176.0786516853932
PR0318,58392.8,103,9,566.9203883495146
PR0308,29504.99,100,9,295.04990000000004
PR0067,54276.47,91,9,596.4447252747253
PR0428,58804.04,104,9,565.4234615384615
PR0106,73228.99,109,9,671.8255963302753
PR0079,37626.68,118,9,318.8701694915254
PR0239,29601.69,106,9,279.2612264150943
PR0234,45720.0,112,9,408.2142857142857
PR0223,86894.18,124,9,700.7595161290322
PR0453,94011.2,103,9,912.7300970873786
PR0065,26803.06,94,9,285.1389361702128
PR0058,30736.13,96,9,320.16802083333334
PR0063,30144.64,86,9,350.51906976744186
PR0467,29943.61,91,9,329.05065934065937
PR0011,26890.98,91,9,295.5052747252747
PR0042,45890.72,88,9,521.4854545454546
PR0041,28917.68,102,9,283.50666666666666
PR0449,53877.159999999996,107,9,503.52485981308405
PR0056,35643.2,112,9,318.24285714285713
PR0305,29442.05,96,9,306.6880208333333
PR0273,40125.14,107,8,375.00130841121495
PR0476,65578.33,90,8,728.6481111111111
PR0286,30035.28,105,8,286.0502857142857
PR0281,60993.45,107,8,570.0322429906541
PR0122,48389.329999999994,103,8,469.7993203883495
PR0360,70100.81999999999,105,8,667.626857142857
PR0131,29134.38,99,8,294.2866666666667
PR0369,31007.38,92,8,337.0367391304348
PR0135,46959.97,84,8,559.047261904762
PR0366,32302.37,114,8,283.3541228070175
PR0147,31415.53,97,8,323.87144329896904
PR0146,64315.12,104,8,618.4146153846154
PR0027,28771.74,91,8,316.17296703296705
PR0259,53203.36,98,8,542.8914285714286
PR0100,33433.78,109,8,306.73192660550455
PR0401,67936.51999999999,99,8,686.2274747474746
PR0398,72956.79,107,8,681.8391588785046
PR0389,31581.44,118,8,267.6393220338983
PR0087,28129.67,95,8,296.10178947368416
PR0386,31441.32,115,8,273.40278260869565
PR0084,41217.520000000004,84,8,490.68476190476196
PR0182,46904.75,104,8,451.00721153846155
PR0169,35230.270000000004,115,8,306.35017391304353
PR0331,37291.49,108,8,345.29157407407405
PR0324,57161.08,87,8,657.023908045977
PR0344,24244.45,82,8,295.6640243902439
PR0381,32303.91,103,8,313.63019417475726
PR0376,43991.09,92,8,478.1640217391304
PR0383,30764.54,112,8,274.68339285714285
PR0115,32732.86,101,8,324.08772277227723
PR0351,27032.05,87,8,310.71321839080457
PR0348,29947.01,99,8,302.4950505050505
PR0352,31167.239999999998,110,8,283.33854545454545
PR0173,36566.87,109,8,335.47587155963305
PR0261,34683.05,102,8,340.02990196078434
PR0460,47862.47,107,8,447.31280373831777
PR0462,26333.18,90,8,292.5908888888889
PR0465,27489.12,101,8,272.169504950495
PR0288,52492.0,107,8,490.57943925233644
PR0365,26139.88,80,8,326.74850000000004
PR0189,28791.739999999998,104,8,276.8436538461538
PR0309,27827.850000000002,96,8,289.8734375
PR0112,66166.38,103,8,642.3920388349514
PR0314,47806.53,100,8,478.0653
PR0225,30827.62,109,8,282.82220183486237
PR0198,34356.13,109,8,315.1938532110091
PR0424,33377.63,106,8,314.8833018867924
PR0427,32006.65,110,8,290.9695454545455
PR0437,33792.38,123,8,274.73479674796744
PR0419,48353.14,107,8,451.8985046728972
PR0217,33236.43,119,8,279.297731092437
PR0299,30393.17,108,8,281.4182407407407
PR0300,27458.54,111,8,247.37423423423425
PR0304,33938.85,102,8,332.7338235294117
PR0296,37233.58,121,8,307.71553719008267
PR0205,70148.5,94,8,746.2606382978723
PR0202,65707.42,93,8,706.5313978494623
PR0298,29795.55,95,8,313.6373684210526
PR0200,25175.33,85,8,296.18035294117647
PR0405,27352.82,90,8,303.9202222222222
PR0408,31420.38,98,8,320.6161224489796
PR0414,34995.39,115,8,304.30773913043475
PR0185,31208.78,101,8,308.9978217821782
PR0062,32446.58,102,8,318.1037254901961
PR0081,33837.14,103,8,328.51592233009706
PR0045,72155.98,107,8,674.354953271028
PR0255,50506.57,106,8,476.47707547169813
PR0050,43635.36,102,8,427.79764705882354
PR0035,46942.16,107,8,438.7117757009346
PR0245,92422.19,97,8,952.8060824742269
PR0044,30076.1,88,8,341.7738636363636
PR0037,44742.02,85,8,526.3767058823529
PR0446,24251.63,83,8,292.18831325301204
PR0291,28581.44,87,8,328.5222988505747
PR0469,32983.06,85,8,388.03599999999994
PR0292,30644.0,96,8,319.2083333333333
PR0500,30235.53,106,8,285.24084905660374
PR0495,27197.14,96,8,283.30354166666666
PR0009,67923.75,85,7,799.1029411764706
PR0010,29011.91,93,7,311.9560215053763
PR0484,27968.97,113,7,247.51300884955754
PR0488,30600.91,97,7,315.4732989690722
PR0252,29631.77,96,7,308.6642708333333
PR0275,58798.51,94,7,625.5160638297873
PR0283,56576.520000000004,104,7,544.005
PR0271,23011.36,99,7,232.4379797979798
PR0267,25658.14,89,7,288.2937078651685
PR0266,24908.75,91,7,273.7225274725275
PR0494,58815.85,105,7,560.1509523809524
PR0486,27641.91,99,7,279.2112121212121
PR0218,31850.82,116,7,274.57603448275864
PR0332,32054.36,98,7,327.08530612244897
PR0188,25977.65,99,7,262.40050505050505
PR0186,33542.13,103,7,325.6517475728155
PR0350,34554.24,122,7,283.23147540983604
PR0163,29225.3,102,7,286.5225490196078
PR0176,31735.33,102,7,311.1306862745098
PR0345,61264.46,100,7,612.6446
PR0207,28442.64,97,7,293.22309278350514
PR0221,31415.0,101,7,311.03960396039605
PR0307,28582.54,97,7,294.66536082474227
PR0312,25242.61,97,7,260.2330927835052
PR0194,30344.47,104,7,291.77375
PR0203,26520.95,100,7,265.2095
PR0297,27149.95,87,7,312.0683908045977
PR0216,26263.23,89,7,295.09247191011235
PR0083,29370.41,110,7,267.00372727272725
PR0387,61936.16,102,7,607.2172549019608
PR0388,28206.76,115,7,245.27617391304346
PR0110,32005.26,117,7,273.54923076923075
PR0403,27651.7,92,7,300.56195652173915
PR0086,28697.48,100,7,286.9748
PR0117,28504.670000000002,88,7,323.9167045454546
PR0384,50635.82,92,7,550.3893478260869
PR0121,30668.09,104,7,294.88548076923075
PR0354,25641.01,94,7,272.7767021276596
PR0364,28682.98,106,7,270.59415094339624
PR0134,31258.29,109,7,286.7733027522936
PR0161,51849.52,100,7,518.4952
PR0157,28715.89,97,7,296.0401030927835
PR0153,32520.0,113,7,287.78761061946904
PR0152,31151.22,98,7,317.8695918367347
PR0151,50608.54,87,7,581.7073563218391
PR0418,23694.53,82,7,288.95768292682925
PR0426,30350.74,102,7,297.5562745098039
PR0073,25091.83,95,7,264.12452631578947
PR0034,23999.670000000002,102,7,235.2908823529412
PR0061,29217.09,98,7,298.13357142857143
PR0039,25429.2,101,7,251.77425742574258
PR0054,27321.81,97,7,281.6681443298969
PR0051,77265.84,110,7,702.4167272727273
PR0038,44108.12,105,7,420.07733333333334
PR0457,24517.32,69,7,355.32347826086954
PR0020,30504.79,107,7,285.0914953271028
PR0094,31881.72,106,7,300.7709433962264
PR0095,63610.380000000005,107,7,594.4895327102804
PR0091,33049.53,102,7,324.015
PR0085,32745.850000000002,94,7,348.36010638297876
PR0040,35664.28,107,7,333.31102803738315
PR0029,44179.38,107,7,412.89140186915887
PR0033,28116.69,91,7,308.9746153846154
PR0468,64025.83,101,7,633.919108910891
PR0466,33202.06,110,7,301.83690909090905
PR0499,30093.55,100,7,300.9355
PR0480,35878.86,96,7,373.738125
PR0479,30801.15,107,7,287.86121495327103
PR0473,26004.53,103,7,252.47116504854367
PR0450,69273.05,113,7,613.0358407079647
PR0048,35871.79,111,7,323.1692792792793
PR0046,30858.36,100,7,308.5836
PR0461,23938.49,89,7,268.971797752809
PR0456,24577.23,95,6,258.70768421052634
PR0127,34623.61,104,6,332.91932692307694
PR0098,27484.67,100,6,274.8467
PR0088,28535.06,105,6,271.7624761904762
PR0327,24423.23,92,6,265.4698913043478
PR0179,26574.07,91,6,292.02274725274725
PR0330,29076.850000000002,96,6,302.8838541666667
PR0231,23484.45,89,6,263.87022471910115
PR0294,25901.09,97,6,267.02154639175257
PR0293,28887.53,95,6,304.07926315789473
PR0343,26584.92,98,6,271.274693877551
PR0349,27341.78,88,6,310.70204545454544
PR0322,22888.55,97,6,235.96443298969072
PR0196,28336.47,97,6,292.12855670103096
PR0210,31111.77,98,6,317.4670408163265
PR0240,62368.93,107,6,582.8871962616822
PR0290,26494.96,98,6,270.35673469387757
PR0129,25621.45,85,6,301.4288235294118
PR0415,32894.8,106,6,310.3283018867925
PR0204,54885.73,108,6,508.20120370370375
PR0257,25017.829999999998,89,6,281.09921348314606
PR0256,30521.07,106,6,287.9346226415094
PR0250,29812.34,111,6,268.57963963963965
PR0248,43387.659999999996,111,6,390.8798198198198
PR0254,69689.53,93,6,749.3497849462366
PR0246,23457.16,92,6,254.9691304347826
PR0272,26863.95,109,6,246.45825688073396
PR0263,31101.51,105,6,296.2048571428571
PR0004,29245.4,95,6,307.8463157894737
PR0274,26949.43,101,6,266.8260396039604
PR0168,24191.420000000002,89,6,271.81370786516857
PR0171,28991.34,102,6,284.2288235294118
PR0190,30265.96,88,6,343.93136363636364
PR0310,25004.5,96,6,260.4635416666667
PR0197,23062.08,89,6,259.1244943820225
PR0015,32285.8,115,6,280.7460869565217
PR0481,26444.24,89,6,297.1262921348315
PR0452,23187.23,85,6,272.7909411764706
PR0023,31715.33,113,6,280.6666371681416
PR0031,31703.52,97,6,326.84041237113405
PR0025,22725.7,98,6,231.89489795918368
PR0026,28857.75,96,6,300.6015625
PR0471,28729.28,90,6,319.2142222222222
PR0475,29254.98,113,6,258.8936283185841
PR0069,32202.31,116,6,277.6061206896552
PR0441,26111.08,97,6,269.1863917525773
PR0438,64910.4,107,6,606.6392523364486
PR0066,28382.24,94,6,301.9387234042553
PR0137,28392.56,107,6,265.3510280373832
PR0158,21674.18,76,6,285.18657894736845
PR0156,23732.5,90,6,263.69444444444446
PR0361,27505.28,90,6,305.6142222222222
PR0380,33807.72,113,6,299.1833628318584
PR0125,28490.99,111,6,256.6755855855856
PR0367,24806.34,83,6,298.87156626506027
PR0410,26574.86,102,6,260.5378431372549
PR0393,30216.7,97,6,311.5123711340206
PR0107,27204.37,98,6,277.59561224489795
PR0123,34520.770000000004,105,6,328.7692380952381
PR0139,20854.7,84,6,248.2702380952381
PR0363,23818.06,88,6,270.65977272727275
PR0374,20869.35,94,5,222.01436170212764
PR0390,23785.69,93,5,255.7601075268817
PR0145,22043.45,81,5,272.1413580246914
PR0431,27809.36,90,5,308.9928888888889
PR0421,26790.13,98,5,273.3686734693878
PR0422,29657.44,108,5,274.60592592592593
PR0423,26043.38,92,5,283.08021739130436
PR0280,25187.96,95,5,265.1364210526316
PR0490,67137.68,96,5,699.3508333333333
PR0276,27854.92,114,5,244.34140350877192
PR0279,43791.01,98,5,446.84704081632657
PR0260,28477.510000000002,101,5,281.95554455445546
PR0269,27355.37,96,5,284.95177083333334
PR0264,24546.61,92,5,266.81097826086955
PR0213,25272.69,90,5,280.80766666666665
PR0184,27203.63,100,5,272.0363
PR0336,25497.420000000002,99,5,257.549696969697
PR0482,26461.26,107,5,247.3014953271028
PR0485,25191.68,87,5,289.55954022988504
PR0006,29865.13,104,5,287.1647115384616
PR0007,24959.579999999998,90,5,277.32866666666666
PR0008,63084.77,100,5,630.8476999999999
PR0013,33767.34,100,5,337.67339999999996
PR0167,21617.6,79,5,273.6405063291139
PR0323,21946.66,88,5,249.39386363636365
PR0346,25482.920000000002,87,5,292.90712643678165
PR0395,41502.91,78,5,532.0885897435898
PR0093,20870.1,83,5,251.44698795180722
PR0132,23649.87,98,5,241.32520408163265
PR0233,23679.9,97,5,244.12268041237115
PR0236,51757.76,103,5,502.50252427184466
PR0201,27178.62,97,5,280.1919587628866
PR0215,26322.19,97,5,271.36278350515465
PR0317,50576.65,85,5,595.0194117647059
PR0212,29819.49,112,5,266.2454464285714
PR0230,25852.8,90,5,287.25333333333333
PR0335,29090.12,114,5,255.17649122807018
PR0209,24168.489999999998,87,5,277.7987356321839
PR0208,31706.61,99,5,320.26878787878786
PR0052,26644.29,98,5,271.88051020408165
PR0053,21855.97,91,5,240.17549450549453
PR0445,59778.5,106,5,563.9481132075472
PR0439,23613.64,88,5,268.33681818181816
PR0080,25789.28,90,5,286.54755555555556
PR0077,46300.39,101,5,458.419702970297
PR0373,27600.78,98,5,281.64061224489797
PR0138,44725.4,105,5,425.9561904761905
PR0096,27189.69,99,5,274.6433333333333
PR0429,28999.65,85,5,341.1723529411765
PR0070,26802.9,110,5,243.6627272727273
PR0068,22784.59,90,5,253.1621111111111
PR0071,27017.29,102,5,264.87539215686274
PR0075,23614.77,86,5,274.5903488372093
PR0406,26733.07,105,5,254.60066666666665
PR0402,23686.58,92,5,257.46282608695657
PR0249,22057.25,86,4,256.4796511627907
PR0282,25130.1,89,4,282.3606741573034
PR0491,28835.08,108,4,266.9914814814815
PR0493,62020.939999999995,104,4,596.3551923076923
PR0164,21813.65,92,4,237.10489130434783
PR0016,28850.45,103,4,280.1014563106796
PR0047,20502.39,85,4,241.20458823529412
PR0399,28768.07,115,4,250.1571304347826
PR0124,26207.34,99,4,264.7206060606061
PR0379,27603.01,105,4,262.8858095238095
PR0155,28931.0,96,4,301.3645833333333
PR0311,24106.6,94,4,256.4531914893617
PR0321,22879.67,95,4,240.83863157894734
PR0341,26068.98,98,4,266.01
PR0329,19824.14,76,4,260.843947368421
PR0162,23737.71,85,4,279.2671764705882
PR0498,26190.18,110,4,238.09254545454544
PR0049,30295.68,104,4,291.3046153846154
PR0459,28802.73,111,4,259.48405405405407
PR0059,25922.68,95,4,272.8703157894737
PR0074,24901.75,92,4,270.67119565217394
PR0018,19969.52,78,4,256.01948717948716
PR0126,24682.31,96,4,257.1073958333333
PR0097,21750.61,93,4,233.87752688172043
PR0409,43146.91,87,4,495.9414942528736
PR0404,51038.590000000004,95,4,537.2483157894737
PR0142,21390.19,89,4,240.33921348314604
PR0244,23355.51,89,3,262.4214606741573
PR0005,24711.42,101,3,244.66752475247523
PR0270,24830.75,106,3,234.25235849056602
PR0334,21158.7,94,3,225.09255319148937
PR0242,21469.98,96,3,223.645625
PR0055,22562.18,89,3,253.5076404494382
PR0111,22290.63,85,3,262.24270588235294
PR0109,43160.75,100,3,431.6075
PR0149,29178.37,108,3,270.1700925925926
PR0339,27842.75,108,3,257.80324074074076
PR0214,20842.34,101,3,206.35980198019803
PR0378,24036.64,92,3,261.2678260869565
PR0118,21393.62,84,3,254.68595238095236
PR0076,24563.36,105,3,233.9367619047619
PR0412,37104.0,95,2,390.5684210526316
PR0313,27409.6,103,2,266.1126213592233
PR0191,21726.13,85,2,255.60152941176472
PR0470,26567.76,108,2,245.99777777777777
PR0463,23276.0,100,2,232.76
PR0001,15962.25,77,2,207.30194805194805
PR0195,19503.53,84,1,232.18488095238095
